time,acceleration_x,acceleration_y,acceleration_z,gyro_x,gyro_y,gyro_z,temperature,label
1741001834.4987595,4.139575,1.848324,0.986411,0.63578,-1.340839,-0.253406,36.04176,falling
1741001834.558943,1.209072,0.943315,-1.206678,0.960331,-1.354429,-0.364521,36.05647,falling
1741001834.6150835,0.296881,-0.435745,-1.960851,1.353363,-1.977152,0.017853,36.06529,falling
1741001834.6755466,4.716578,3.639187,-5.712565,0.910502,-1.301669,-0.292842,36.05647,falling
1741001834.732685,8.53054,10.44111,-5.21936,0.928888,-1.63528,0.57849,36.05941,falling
1741001834.787497,4.750096,5.947197,-7.953538,0.422077,-0.674949,0.27792,36.05941,falling
1741001834.8446124,10.96305,12.82334,-7.024588,-0.575026,0.100456,1.247577,36.04765,falling
1741001834.9036458,9.315839,5.604826,-11.1474,-0.815375,0.329614,1.262233,36.03294,falling
1741001834.9699812,5.030218,12.1003,-6.58166,-0.678946,0.875063,1.372815,36.0447,falling
1741001835.026046,7.666234,1.321599,-8.14268,-0.625387,1.583054,1.540153,36.0447,falling
1741001835.0922086,0.486023,2.861071,-6.066907,-0.673084,2.388836,1.430637,36.07706,falling
1741001835.1569178,7.587225,-8.293514,0.68953,-0.029311,3.443228,0.675749,36.06823,falling
1741001835.2127173,13.41471,6.777985,1.714248,-1.060254,4.089666,-0.910502,36.05353,falling
1741001835.2785199,19.43852,13.63019,7.311892,-3.355562,3.851982,0.97472,36.05647,falling
1741001835.3323188,7.424419,-19.41698,9.040505,-3.164242,3.000634,0.324551,36.04765,falling
1741001835.400501,-11.2719,0.555455,2.755726,-2.598009,3.22393,-1.39653,36.05941,falling
1741001835.4636185,4.927267,-7.675811,10.75475,-2.675816,1.760251,2.211106,36.06823,falling
1741001835.522465,1.331176,-18.9525,19.88863,0.81351,4.893583,1.818606,36.06235,falling
1741001835.5844357,-13.5033,-5.305551,6.756437,1.253706,2.110916,0.203844,36.03882,falling
1741001835.6404727,-4.388572,-2.27928,8.391677,-0.147087,0.023449,0.615262,36.04176,falling
1741001835.710357,-7.184999,-4.328717,4.534618,0.542251,-0.516937,-1.903075,36.05353,falling
1741001835.7919102,3.600879,1.517924,7.884106,-0.375446,0.750092,0.095926,36.03294,falling
1741001835.8494728,-4.630386,-2.547431,11.82736,-0.244879,0.702395,-0.031975,36.03882,falling
1741001835.911176,-2.537854,-2.908955,8.930372,0.19958,-0.398894,-0.042101,36.03,falling
1741001835.9711206,0.141258,-0.198719,8.027759,0.015988,-0.370116,-0.135096,36.04176,falling
1741001836.0330064,-1.577779,-2.810793,9.672575,-0.002132,-0.079672,-0.190787,36.04765,falling
1741001836.0953975,-1.338359,-4.726154,8.777143,0.007994,-0.049296,0.071412,36.04765,falling
1741001836.1503534,-1.465251,-2.511518,8.336611,-0.050628,-0.046631,-0.173467,36.0447,falling
1741001836.2179775,-1.711854,-2.767697,8.76996,-0.058089,0.033308,-0.044766,36.04176,falling
1741001836.276394,-1.620875,-2.217031,8.520964,-0.138028,-0.102322,-0.080472,36.03294,falling
1741001836.338251,-1.956063,-2.990358,8.983045,-0.069014,-0.060221,-0.085268,36.04176,falling
1741001836.3964028,-1.575385,-2.760514,9.066842,-0.009593,-0.146288,-0.011458,36.03882,falling
1741001836.461998,-1.189918,-2.185906,8.765172,0.006662,-0.029577,-0.066616,36.05941,falling
1741001836.5288537,-1.786075,-2.276886,8.808268,-0.001066,-0.035972,-0.059421,36.03882,falling
1741001836.6122944,-1.960851,-3.337517,9.097966,0.016521,-0.069014,-0.022116,36.04176,falling
1741001836.6673012,-1.723825,-3.131616,9.31105,0.180395,-0.265397,0.032508,36.05353,falling
1741001836.7338552,-1.632846,-2.762909,9.138668,0.325351,-0.487893,0.085002,36.05353,falling
1741001836.7979949,-1.580173,-3.062184,9.433155,0.358658,-0.740766,0.212104,36.05647,falling
1741001836.8570316,-1.204283,-2.590526,9.481039,0.433268,-0.975253,0.220098,36.04176,falling
1741001836.9253259,-1.000776,-2.128445,10.21845,0.492423,-0.988309,0.233421,36.06235,falling
1741001836.9873867,-0.612916,-1.400608,10.35013,0.586217,-1.280086,0.188655,36.03882,falling
1741001837.0477242,0.663194,-0.593762,9.758766,0.597675,-1.167106,0.223562,36.04176,falling
1741001837.1048367,2.336741,-0.426168,9.02614,0.575559,-1.214003,-0.086067,36.03588,falling
1741001837.1611462,3.679888,0.107739,8.063671,0.468974,-0.867868,-0.227026,36.04765,falling
1741001837.2600994,4.029441,0.47884,7.601591,0.474037,-0.645905,-0.019985,36.02118,falling
1741001837.3286028,5.216966,0.196325,7.594408,0.171335,-0.31709,0.011724,36.0447,falling

1741001917.128513,5.659893,8.307879,-2.640805,1.258502,-0.49642,0.363455,35.98294,falling
1741001917.1845324,11.71243,10.63026,-0.31364,0.693069,-0.174266,0.048763,35.97118,falling
1741001917.245055,7.216124,13.86961,-5.65271,0.010658,0.353329,0.018652,35.97706,falling
1741001917.3000894,8.576031,9.0429,-0.557849,0.559571,-0.823902,0.317623,35.97706,falling
1741001917.3527987,5.760449,10.46745,-2.94008,-0.599274,0.164674,0.247544,35.96529,falling
1741001917.408206,5.439626,6.751649,-2.049437,-0.9129,0.240349,0.189188,35.96529,falling
1741001917.4622085,2.762909,6.947973,-2.6839,-1.093296,-0.202511,0.220364,35.98294,falling
1741001917.5188613,8.707711,8.221688,-0.351948,-1.401593,-0.198248,0.81804,35.97118,falling
1741001917.5737038,3.830723,4.022259,-2.743755,-1.393599,-0.031975,-0.116444,35.95647,falling
1741001917.627971,6.265626,7.831434,0.799663,-0.962462,-0.217966,0.610466,35.95059,falling
1741001917.6886938,7.599196,5.489904,-0.426168,-0.562502,0.075675,-0.255005,35.97118,falling
1741001917.7437277,3.790021,7.254431,-0.574608,-0.432469,-0.512407,0.353596,35.95941,falling
1741001917.8093731,4.271256,-4.192247,-1.764527,-0.33974,-0.472704,-0.143623,35.97706,falling
1741001917.8735294,1.879448,6.619968,1.11091,-1.037338,-0.282717,1.213204,35.95941,falling
1741001917.9284964,5.693412,2.834735,-5.56173,-0.988576,0.272591,0.381041,35.95353,falling
1741001917.983362,2.597709,7.445967,-3.536236,-1.024282,0.385305,0.893449,35.98,falling
1741001918.0385494,7.414843,-4.93445,-2.480393,-0.745029,0.111381,0.336542,35.97706,falling
1741001918.0924554,7.199365,-1.572991,7.850587,-0.955534,2.669421,2.593213,35.95353,falling
1741001918.1736472,-9.445126,36.89225,10.11311,-0.334144,2.314227,0.815375,35.95941,falling
1741001918.2401192,27.86372,-6.981492,30.03526,-4.491758,6.688741,1.331247,35.95353,falling
1741001918.3021321,-4.685453,-0.914585,5.001487,-3.384073,0.977917,-2.328083,35.94765,falling
1741001918.3604174,-17.17122,-10.68772,-5.585672,-0.568364,-3.469342,-3.640144,35.95941,falling
1741001918.4137778,6.605602,-0.916979,9.141062,-0.708257,0.822836,-0.89638,35.94471,falling
1741001918.4703639,5.621585,-6.746861,15.5671,0.819372,2.087734,1.487127,35.95353,falling
1741001918.526958,4.91769,-3.426103,15.96693,-1.577458,1.878294,2.580956,35.95941,falling
1741001918.5835586,-3.131616,1.264138,5.712565,-0.606735,1.225194,0.01732,35.93882,falling
1741001918.6481488,-2.674323,-3.399766,5.729325,-0.867069,1.309397,0.16041,35.93882,falling
1741001918.7067785,-0.835576,-1.043872,12.75152,-0.118309,-0.767145,0.934217,35.93294,falling
1741001918.7672858,-0.847547,-2.011129,12.86405,-0.067415,-0.13483,0.403424,35.94765,falling
1741001918.8232172,0.799663,-1.438915,7.608773,-0.130567,-0.274723,-0.324551,35.94765,falling
1741001918.8862126,-0.179565,-2.13084,8.63828,0.219832,-0.24408,0.145489,35.93882,falling
1741001918.9534085,0.052672,-1.719037,9.404425,0.239283,-0.604603,-0.039436,35.93294,falling
1741001919.0110054,2.097321,-1.16837,6.260838,-0.351997,-0.120708,-0.111914,35.94176,falling
1741001919.077329,2.236184,0.677559,7.424419,-0.251274,0.194518,-0.101256,35.92706,falling
1741001919.1436877,2.576161,-0.976834,10.64462,-0.31336,0.42261,-0.281917,35.93294,falling
1741001919.2027595,0.584185,-3.076549,9.540894,-0.109783,-0.171335,0.080472,35.93588,falling
1741001919.2611725,2.044648,-2.070984,9.318233,-0.006395,-0.008793,0.014389,35.95059,falling
1741001919.321838,0.45011,-1.338359,9.406818,-0.018386,0.023715,-0.359991,35.94471,falling
1741001919.3815005,-0.146046,-2.135628,8.868123,-0.14389,0.084735,-0.006662,35.93588,falling
1741001919.4520433,0.914585,-2.051831,10.14423,0.028511,0.224628,0.051427,35.94765,falling
1741001919.5085087,0.129287,-1.613692,8.963891,-0.033574,-0.032775,0.03091,35.93294,falling
1741001919.5722077,1.024718,-2.209848,9.433155,-0.033574,0.063951,-0.077274,35.93882,falling
1741001919.626624,0.440533,-1.841141,9.564836,-0.041835,0.037838,-0.066616,35.94471,falling
1741001919.6893148,0.814029,-1.848324,9.102755,-0.006662,0.046098,-0.033574,35.93588,falling
1741001919.7755425,0.687136,-2.145205,9.449914,-0.05649,-0.002665,0.038104,35.94176,falling
1741001919.833056,0.414197,-2.217031,9.459491,-0.051427,-0.006662,-0.024248,35.94471,falling
1741001919.894835,0.610521,-1.946486,9.184157,-0.023715,0.007194,-0.027712,35.93588,falling

1741002001.9142833,5.075707,8.394072,2.528277,-0.009859,-0.05276,0.047164,35.82412,falling
1741002001.970194,5.188235,7.501034,2.286463,0.154548,-0.128701,-0.16121,35.83,falling
1741002002.0252802,4.005499,7.228095,1.063026,0.144423,-0.304567,0.113779,35.82706,falling
1741002002.0807421,5.274426,8.173804,1.355118,0.103387,-0.400493,0.593145,35.82706,falling
1741002002.136735,4.793192,5.303157,0.019154,0.22676,-0.676815,0.77887,35.83294,falling
1741002002.1926782,2.142811,2.56419,2.425326,0.545982,-0.933418,0.497485,35.82412,falling
1741002002.2476473,1.776498,-0.42138,0.057461,1.318723,-1.296606,0.495887,35.83883,falling
1741002002.3036158,2.334347,-1.103727,-4.826711,1.03121,-1.135663,0.135096,35.82412,falling
1741002002.357184,4.683059,16.53914,-4.412514,-0.394098,-0.612597,0.640309,35.83588,falling
1741002002.425827,15.44739,10.23521,-5.453991,-1.099691,0.145489,-0.018652,35.83294,falling
1741002002.4926949,2.839523,14.04199,-2.868254,-1.940646,0.725044,0.971789,35.84177,falling
1741002002.5527775,10.35253,-0.981623,-2.499547,-2.089066,0.720248,0.013323,35.83,falling
1741002002.610465,-2.882619,9.844957,-2.418144,-2.092263,0.8271,1.087966,35.83,falling
1741002002.6646147,8.248025,-4.826711,-2.789245,-1.210273,0.681877,0.394098,35.84177,falling
1741002002.719642,-3.871424,9.821015,-6.177041,-1.049862,0.9129,1.20441,35.83,falling
1741002002.7737217,10.58237,-4.862624,4.850653,-0.680012,1.485262,1.636613,35.83294,falling
1741002002.832093,10.16578,-3.112462,3.081338,-1.530028,1.627819,0.103387,35.84471,falling
1741002002.8902247,31.04082,23.57331,15.34923,-2.724046,2.109583,3.636946,35.84471,falling
1741002002.9441328,12.06917,-27.92597,21.14559,-0.957933,3.970291,0.846551,35.81529,falling
1741002003.0226963,-15.64611,11.74835,2.44448,-3.553544,1.190288,1.654199,35.83,falling
1741002003.0839708,6.691794,-14.92066,12.27747,0.146554,4.031044,2.52713,35.82412,falling
1741002003.1611228,-9.244013,-9.780313,9.701305,1.420778,2.444527,0.447923,35.83588,falling
1741002003.2294056,-13.07234,-3.981557,11.12586,1.420245,-0.638178,-0.212904,35.83588,falling
1741002003.3030634,-0.943315,6.916849,5.499481,-0.57476,-0.354928,1.076242,35.81823,falling
1741002003.3756576,-4.611232,-5.705383,10.97502,-0.083136,1.283283,-0.422876,35.81823,falling
1741002003.436676,-4.007894,-4.58729,10.30943,0.56943,0.288845,0.54838,35.81235,falling
1741002003.5031521,-0.708684,0.744597,8.238448,0.143623,-0.474037,-0.695734,35.80647,falling
1741002003.566216,-2.394202,-1.223437,8.274361,0.072478,0.270459,-0.015455,35.80353,falling
1741002003.6410277,-2.3535,-2.633622,10.36689,0.062619,-0.263531,0.270726,35.81823,falling
1741002003.7234213,-1.326388,-2.712631,8.899248,-0.069014,-0.128435,-0.372248,35.81823,falling
1741002003.8077652,-1.503559,-2.106898,8.939949,0.172934,-0.006129,-0.052493,35.81529,falling
1741002003.8769689,-2.245761,-2.255338,9.251195,0.023449,0.003198,-0.056224,35.81823,falling
1741002003.9534993,-2.466028,-2.142811,8.714894,-0.03464,0.011191,0.039436,35.81529,falling
1741002004.018278,-2.166753,-2.109292,9.038112,0.041035,0.026113,0.072211,35.83588,falling
1741002004.0833607,-2.20506,-1.731008,8.999804,0.030377,-0.026113,-0.027979,35.82412,falling
1741002004.1481092,-2.020706,-1.960851,9.112331,-0.010126,0.000533,-0.073277,35.80353,falling
1741002004.2076786,-1.929727,-2.082955,8.899248,0.019985,0.018919,-0.077008,35.82117,falling
1741002004.2714188,-2.111686,-2.047042,9.02614,0.009326,0.031709,-0.058622,35.80647,falling
1741002004.3308403,-2.102109,-2.260126,9.112331,-0.009593,-0.052493,-0.002132,35.80353,falling
1741002004.3935542,-2.097321,-1.917756,8.908825,-0.00453,0.004796,-0.011991,35.80059,falling
1741002004.455229,-2.138022,-2.08535,8.992621,-0.006928,-0.011191,-0.000799,35.80353,falling
1741002004.5145814,-2.152387,-1.927332,8.913613,-0.001865,-0.006129,-0.005063,35.80353,falling
1741002004.5764713,-2.190695,-2.015918,9.023746,-0.015188,0.010392,-0.023982,35.81235,falling
1741002004.6402462,-2.13084,-1.987187,8.918402,-0.017054,-0.025314,-0.018386,35.80647,falling
1741002004.7013302,-2.075773,-2.195483,9.030929,-0.031709,0.024781,-0.052227,35.80059,falling
1741002004.7610126,-2.025495,-1.99437,8.851364,-0.00906,-0.015455,-0.015455,35.79765,falling
1741002004.816614,-2.078167,-2.078167,8.980651,-0.014123,0.036239,-0.019718,35.79765,falling

1741002793.4733183,-9.232041,0.131681,-0.158017,-0.06555,0.003997,-0.010392,36.18294,falling
1741002793.528286,-8.734048,0.07422,-0.203507,0.014655,0.009326,-0.051161,36.16824,falling
1741002793.5892513,-8.765172,-0.19393,-0.411803,0.046631,0.069813,-0.135896,36.17412,falling
1741002793.6462204,-8.999804,-0.268151,-0.514753,0.172934,0.195317,-0.1303,36.17412,falling
1741002793.7051866,-9.509769,-0.395043,-0.873884,0.233155,0.229691,-0.126303,36.18294,falling
1741002793.7595775,-8.147469,-0.335188,-1.024718,0.264331,0.223029,-0.06102,36.17412,falling
1741002793.8143473,-8.911219,-0.536301,-1.051055,0.370383,0.226227,0.039969,36.19471,falling
1741002793.879655,-7.601591,-0.526724,-0.718261,0.556374,0.085801,0.102855,36.17706,falling
1741002793.9377053,-3.909731,-0.802058,-1.00317,0.640043,0.476968,-0.191587,36.17706,falling
1741002793.997017,-1.599327,-1.460463,-3.600879,0.78793,0.812178,-0.254205,36.18294,falling
1741002794.0662112,-17.09699,0.466869,-3.007117,0.662159,0.607268,0.694135,36.18588,falling
1741002794.1421683,-2.585738,-4.206613,-3.8403,0.621391,0.125504,-0.345335,36.18882,falling
1741002794.2071297,-15.31092,-1.079785,-4.8722,0.119375,0.181461,0.926757,36.19176,falling
1741002794.2650986,-7.702147,3.581726,-4.623203,-0.014123,-0.943277,-0.403158,36.16824,falling
1741002794.3182156,2.377442,-5.762844,-5.109226,-0.134297,-0.626986,0.466309,36.17412,falling
1741002794.3865047,-11.76032,2.458845,-2.327164,-0.715452,-1.280352,2.164475,36.18882,falling
1741002794.4504678,5.595249,-6.878541,-1.438915,-0.051427,-1.886021,-0.092995,36.17706,falling
1741002794.5204294,2.152387,8.707711,0.988805,-1.289145,-2.033642,1.094628,36.19471,falling
1741002794.5954266,-11.1498,8.449138,4.680665,-0.879593,-0.826567,-0.53479,36.18,falling
1741002794.6993687,-12.4307,32.92506,10.70687,-2.002998,-8.731442,4.118977,36.16529,falling
1741002794.796332,16.07706,-19.37867,5.89213,-0.22143,-5.319923,-0.058355,36.15353,falling
1741002794.8952584,-6.998251,10.59674,14.91827,-1.71362,-2.032576,0.527862,36.17706,falling
1741002794.9622169,6.469133,-3.347094,11.60948,-1.61876,-1.447691,0.686674,36.16235,falling
1741002795.034041,7.03177,-1.893813,7.323863,-0.024515,-0.607534,-0.045299,36.16824,falling
1741002795.0993001,4.939238,-0.557849,8.619126,-0.287513,0.531593,-0.813776,36.17706,falling
1741002795.1792347,1.096544,0.299275,9.753978,-0.190521,0.303501,-0.168404,36.16235,falling
1741002795.257189,1.740585,-1.405396,8.413225,-0.118576,-0.01359,0.24328,36.15059,falling
1741002795.336143,1.898602,-0.059855,8.688558,0.087933,0.015721,0.180928,36.14765,falling
1741002795.4230936,0.984017,-0.019154,9.07163,0.241149,-0.123372,0.018386,36.17706,falling
1741002795.5053353,1.177947,1.264138,9.94312,0.211038,-0.034107,-0.060753,36.15941,falling
1741002795.5702987,1.300052,0.684742,9.758766,-0.249675,-0.0437,-0.079939,36.17118,falling
1741002795.630265,1.654393,1.029507,9.390059,-0.177198,-0.040502,0.090331,36.16824,falling
1741002795.688232,2.070984,-0.258574,9.323022,0.027179,0.026913,0.060221,36.15353,falling
1741002795.745455,2.449268,0.289698,9.651027,0.066349,-0.021317,-0.067681,36.16235,falling
1741002795.800295,1.922544,0.435745,9.363723,-0.058089,-0.067948,-0.096193,36.15059,falling
1741002795.8548267,2.25055,0.287304,9.251195,-0.172668,-0.065283,0.000799,36.15059,falling
1741002795.9127066,2.418144,0.328006,9.49301,-0.139893,-0.033308,0.055957,36.14471,falling
1741002795.9677875,2.209848,-0.459687,9.5385,-0.061553,0.070879,-0.063685,36.15059,falling
1741002796.0257685,1.551443,0.112527,9.454702,-0.062619,-0.053026,-0.151351,36.13294,falling
1741002796.0827358,1.802834,0.208296,9.308656,-0.036505,-0.070879,0.000533,36.15059,falling
1741002796.1397035,2.363077,0.162806,9.414001,-0.005329,0.043966,-0.036239,36.15941,falling
1741002796.1966724,1.774103,0.339977,9.497798,-0.039703,0.003464,0,36.17118,falling
1741002796.2638414,2.224213,0.117316,9.363723,-0.080472,-0.028511,-0.000799,36.14765,falling
1741002796.3407972,2.140416,0.043096,9.368511,-0.005063,0.035972,-0.013856,36.15941,falling

1741003065.9498932,7.204153,-0.505177,2.104503,-0.607002,-0.518003,-0.128168,36.0447,falling
1741003066.0098095,7.417237,-1.532289,2.102109,-0.179862,-0.846285,-0.285914,36.0447,falling
1741003066.07146,11.42274,-2.094927,1.029507,-0.033041,-0.796456,-0.45645,36.05647,falling
1741003066.1288416,7.838616,-0.37589,-0.603339,-0.33894,-0.074343,-0.019985,36.05059,falling
1741003066.1826675,6.311116,2.164358,-0.42138,-0.626453,0.367452,-0.027979,36.05059,falling
1741003066.2359667,11.65258,-0.964863,1.043872,-0.923825,0.376511,-0.154815,36.05353,falling
1741003066.2955213,11.59272,1.537078,0.011971,-1.096227,1.681911,0.269394,36.03588,falling
1741003066.3548331,6.993463,2.011129,1.546654,-0.933684,1.467142,0.309096,36.04176,falling
1741003066.4162984,13.3764,1.731008,2.408567,-0.909436,1.599574,0.764214,36.0447,falling
1741003066.4725993,3.933673,-0.545878,1.678335,-0.932352,1.094894,0.486294,36.02706,falling
1741003066.5307276,0.280122,2.770091,0.751779,-1.667522,0.672285,0.898778,36.03294,falling
1741003066.589826,1.927332,-6.071695,-0.955287,-2.085335,0.727176,1.176432,36.04176,falling
1741003066.6626303,5.087678,7.184999,-2.262521,-1.230257,0.090597,2.445859,36.0447,falling
1741003066.7162833,2.636016,-5.346252,3.615245,-0.239283,0.332812,0.901976,36.02412,falling
1741003066.7725635,7.192182,-9.07163,0.055067,-0.249142,0.535323,0.638977,36.03588,falling
1741003066.8469806,37.19153,-31.38559,15.17924,1.78823,5.591981,4.600208,36.02118,falling
1741003066.9126294,-19.97004,-15.54316,10.19212,2.255871,5.19362,2.196717,36.02412,falling
1741003066.9714136,-2.525883,10.92953,7.632715,2.847152,0.855877,1.818873,36.00941,falling
1741003067.0257773,-14.28141,-18.9549,8.927979,3.274024,-0.141225,0.480165,36.03588,falling
1741003067.0877612,-0.423774,0.390255,4.395754,3.155715,-1.085835,1.116211,36.01529,falling
1741003067.169428,-2.348712,5.872977,8.762778,0.296839,0.583286,-0.179596,36.00647,falling
1741003067.241835,-7.568071,2.257732,8.078036,-0.06555,1.396263,-0.326417,36.03,falling
1741003067.308509,-7.929596,3.473987,7.45315,-0.188922,-0.102588,0.528662,36.02706,falling
1741003067.4119868,0.737414,-0.778116,9.643845,-0.325884,-0.2169,-0.211305,36.00647,falling
1741003067.4710288,-4.259285,-2.286463,9.902418,0.367985,0.106319,-0.162009,36.00941,falling
1741003067.5369008,-2.901772,1.16837,7.544129,0.213969,0.039703,0.114579,35.99176,falling
1741003067.6066256,-3.995923,-1.82917,9.105149,-0.236885,-0.297639,-0.121773,36.01235,falling
1741003067.6703222,-2.619257,-2.161964,9.212888,-0.143623,-0.231822,-0.067415,36.01235,falling
1741003067.733324,-2.454057,-0.833182,7.989451,0.099657,0.085801,-0.023182,35.98588,falling
1741003067.7971292,-3.816358,-0.162806,8.798691,-0.003997,0.055957,0.231556,36.00353,falling
1741003067.8619525,-3.548207,-0.76375,9.07163,-0.055691,-0.260334,0.055957,36.02118,falling
1741003068.1147444,-2.861071,-0.433351,8.836999,-0.015455,-0.116178,-0.053559,36.02118,falling
1741003068.1812747,-2.806004,-0.785298,8.65025,0.075142,0.060487,-0.059155,36.02706,falling
1741003068.250165,-3.143587,-0.241814,8.92319,0.043966,0.028245,-0.037038,36.00647,falling
1741003068.3178084,-3.145981,-0.409408,8.892065,-0.00826,-0.043966,-0.023715,36.01823,falling
1741003068.3810725,-2.961627,-0.390255,8.858546,0.015721,0,0.005329,36.02118,falling
1741003068.4474297,-2.971204,-0.301669,8.789114,0.036239,-0.004263,-0.009859,36.00647,falling
1741003068.5082867,-3.0143,-0.335188,8.798691,0.010126,-0.012257,-0.019452,36.00647,falling
1741003068.5705223,-3.064578,-0.138864,8.772355,0.032508,0.01732,-0.040236,36.01235,falling
1741003068.645695,-3.181894,-0.172383,8.695741,0.022383,0.003464,-0.046897,36.02706,falling
1741003068.7293913,-2.935291,-0.363919,8.817844,0.014922,-0.026646,-0.025847,36.01823,falling
1741003068.7907796,-3.019088,-0.371101,8.796297,0.024781,-0.011191,0.00826,36.02118,falling

1741003197.4366853,7.534553,-0.026336,1.51553,-0.285648,-0.843087,-0.17773,35.92118,falling
1741003197.4927638,6.22253,0.122104,-0.538695,-0.197182,-0.874796,-0.195051,35.92412,falling
1741003197.5626376,10.33577,0.272939,-0.675165,-0.372248,-0.637645,-0.244879,35.91529,falling
1741003197.6251476,14.88954,0.6608,-1.455675,-0.562236,-0.257936,0.150551,35.92706,falling
1741003197.6832266,8.12592,-0.778116,-3.387795,-0.524132,0.549179,0.414083,35.91824,falling
1741003197.7465868,14.9901,0.943315,-0.129287,-0.581688,0.859874,0.35626,35.91235,falling
1741003197.8168187,7.433996,0.737414,-1.886631,-0.825501,1.639011,0.412217,35.92118,falling
1741003197.8714194,9.715671,-0.572214,-1.556231,-1.142858,1.997936,1.31819,35.90941,falling
1741003197.93196,13.8313,0.888249,0.727837,-1.012824,1.947041,0.572095,35.92706,falling
1741003197.9890356,3.617639,-2.456451,3.107674,-0.986711,1.929188,0.88279,35.91824,falling
1741003198.0453322,-0.198719,1.599327,-2.226608,-1.023216,1.48393,1.083703,35.91529,falling
1741003198.099684,-2.954445,-4.721366,1.235408,-0.735436,0.821237,0.652034,35.90647,falling
1741003198.1675353,5.975927,3.066972,-1.288081,-0.984046,0.259534,1.583853,35.93,falling
1741003198.2227023,0.25618,-2.53546,0.397437,-0.367718,0.388236,0.347201,35.93294,falling
1741003198.2813852,8.626308,-17.28374,8.374918,1.301669,0.219299,2.246812,35.92118,falling
1741003198.3377366,2.183512,2.959233,3.770868,0.835093,1.231057,0.702395,35.92118,falling
1741003198.397589,29.6043,-38.49158,28.34256,3.928456,6.32049,2.088799,35.90647,falling
1741003198.4542813,-20.91575,-22.09848,8.655039,-0.903574,3.841323,2.688607,35.92412,falling
1741003198.548207,-10.32859,14.64294,7.426814,3.11921,0.432469,2.28758,35.90059,falling
1741003198.644232,-5.099649,-6.172252,10.67096,2.66649,-1.009893,-0.698665,35.90059,falling
1741003198.7582533,-4.829105,5.542577,4.177882,-0.040236,0.759152,-0.507878,35.88588,falling
1741003198.8177354,-5.039794,-0.837971,9.574412,0.158012,0.761017,-0.284049,35.89765,falling
1741003198.8741844,-4.548983,1.692701,9.299079,0.076741,-0.211305,-0.037305,35.87706,falling
1741003198.9316094,-1.625663,0.270545,7.917625,-0.181994,-0.199314,-0.283783,35.86235,falling
1741003198.9901118,-2.521094,-0.318429,8.599973,0.020784,0.372248,-0.203577,35.87706,falling
1741003199.046814,-3.471592,-0.596156,8.47308,0.018919,0.419678,-0.118043,35.84765,falling
1741003199.1001382,-3.433285,-2.494758,8.887277,-0.050894,0.249942,-0.128701,35.87412,falling
1741003199.1556315,-4.189853,-0.639252,8.394072,0.093528,0.108184,-0.188655,35.85059,falling
1741003199.2276013,-3.519476,-1.915361,8.537724,0.094061,0.099657,0.036239,35.86824,falling
1741003199.2838113,-4.460398,0.203507,7.996634,0.067415,0.198248,0.232622,35.88294,falling
1741003199.348122,-4.819528,-0.110133,8.451532,-0.016521,0.077541,-0.015988,35.8653,falling
1741003199.4060802,-4.362236,-0.21069,8.197746,-0.085002,-0.162809,0.119908,35.86235,falling
1741003199.4620972,-3.651158,-0.196325,8.415619,0.110049,-0.112447,-0.015188,35.85353,falling
1741003199.522819,-3.758897,0.268151,8.487445,0.150818,0.06555,0.098858,35.86235,falling
1741003199.5805638,-4.335899,0.038307,8.475474,0.053026,-0.051694,-0.079406,35.87412,falling
1741003199.6478972,-3.962404,-0.651223,8.317456,0.003464,-0.046897,-0.079939,35.86235,falling
1741003199.7071557,-3.96001,0.126893,8.295909,0.026646,-0.053559,-0.05196,35.87412,falling
1741003199.7655258,-4.146757,-0.445322,8.324639,0.032242,-0.05196,-0.033574,35.86235,falling
1741003199.829334,-3.825934,-0.246603,8.346188,0.027179,-0.070346,0.018919,35.88294,falling
1741003199.8842816,-3.964798,-0.246603,8.250419,0.036239,-0.057822,-0.007994,35.87706,falling
1741003199.954957,-3.940856,0.050278,8.312668,-0.014655,-0.087666,0.015988,35.86235,falling
1741003200.034831,-3.912126,-0.086191,8.532935,0.009326,-0.090597,-0.018386,35.89177,falling
1741003200.088972,-3.787627,0.033519,8.492233,0.00906,-0.050361,-0.002132,35.88,falling
1741003200.1489384,-3.79481,0.086191,8.453926,-0.011191,-0.068481,-0.0429,35.87706,falling
1741003200.2059336,-3.945644,0.191536,8.415619,-0.101256,-0.0866,-0.024781,35.89471,falling
1741003200.2655482,-3.706224,-0.081403,8.513782,-0.205443,-0.089798,-0.048496,35.89765,falling

1741003307.408891,7.623138,-0.629675,1.546654,-0.364521,-0.641908,-0.027979,35.79765,falling
1741003307.5020392,5.712565,-1.37906,-0.241814,-0.015455,-0.501482,-0.221963,35.81529,falling
1741003307.5619524,13.20402,-0.624887,2.286463,-0.209972,-0.418613,0.114312,35.78294,falling
1741003307.6274042,11.12825,-0.567426,1.060631,-0.420478,0.522799,-0.227825,35.80353,falling
1741003307.720574,10.18254,-1.745373,1.098939,-0.627519,0.484429,0.376511,35.80353,falling
1741003307.7869172,14.35324,0.37589,-0.055067,-0.802052,0.98298,0.671752,35.80647,falling
1741003307.8442528,7.850587,0.871489,-0.538695,-0.885188,1.230257,0.024515,35.78882,falling
1741003307.9386108,-6.490681,-2.999935,1.900996,-0.622456,0.159345,-0.52653,35.80941,falling
1741003308.040881,8.784326,2.858677,1.505953,-0.403691,0.678413,1.639011,35.79765,falling
1741003308.1523433,3.962404,-5.956774,0.979228,-0.64324,0.323752,0.733038,35.78,falling
1741003308.2271895,9.406818,-8.846576,-2.3535,1.133265,1.780236,0.366919,35.77706,falling
1741003308.3286417,11.8106,-1.860295,14.2024,1.992074,1.07864,-0.443127,35.78882,falling
1741003308.427994,-4.508282,-12.60308,16.24705,0.793525,3.903142,0.477234,35.79765,falling
1741003308.5496368,-21.19587,6.749255,22.96758,2.694202,3.432303,-5.935719,35.78,falling
1741003308.6070402,6.141128,-22.57732,9.342175,1.187357,2.138628,1.686441,35.78882,falling
1741003308.6832447,-10.23042,-1.56102,15.88792,-0.358925,1.688573,0.853479,35.76823,falling
1741003308.7459943,-5.015852,-7.125144,5.319916,-0.204377,0.555574,0.022916,35.75353,falling
1741003308.823713,-0.055067,-1.577779,10.23042,-0.203577,0.038904,-0.737035,35.77412,falling
1741003308.9036674,-4.180276,-2.631228,9.878476,0.13936,0.371182,-0.679479,35.76529,falling
1741003308.9716282,0.143652,-4.194642,8.319851,-0.322953,-0.79992,-0.589415,35.78,falling
1741003309.033399,-2.181118,-3.825934,8.248025,0.107384,-0.241149,0.044499,35.77412,falling
1741003309.1025846,-3.155558,-4.187459,4.824317,0.616328,1.310729,0.810579,35.75941,falling
1741003309.1585503,6.016629,-12.60547,6.476315,0.209173,1.010159,-0.185991,35.75353,falling
1741003309.2175167,-3.366248,-2.341529,8.537724,-0.100989,0.213703,-0.298971,35.75647,falling
1741003309.2740798,-2.482787,-4.259285,8.221688,-0.015988,-0.240616,0.951804,35.76529,falling
1741003309.328648,-1.400608,-3.169923,10.46027,-0.3043,0.370916,0.060221,35.76235,falling
1741003309.3877823,-0.885855,-4.041412,7.910442,0.063418,-0.252606,1.412251,35.77412,falling
1741003309.4492908,-4.127604,-1.946486,8.030152,0.321087,-0.115645,0.750092,35.75647,falling
1741003309.5072591,-0.512359,-3.667917,8.432379,0.09193,-0.326417,0.650701,35.76823,falling
1741003309.5809298,-3.143587,-3.928885,8.597578,0.027979,0.019985,0.217966,35.77412,falling
1741003309.6340604,-4.216189,-3.117251,8.003817,-0.039703,-0.231822,1.146855,35.76529,falling
1741003309.6873631,-3.476381,-2.815581,8.647857,-0.088199,-0.341338,0.434334,35.77118,falling
1741003309.7591655,-1.537078,-2.394202,9.536105,-0.114046,0.745029,0.698665,35.77412,falling
1741003309.8150237,-3.153164,-2.947262,7.644686,-0.12204,0.220098,0.454585,35.79765,falling
1741003309.8705883,-2.892196,-2.650381,7.671022,-0.215568,-0.278453,0.37438,35.76529,falling
1741003309.942547,-2.406173,-2.896984,8.669404,-0.114845,-0.164674,0.27792,35.77706,falling
1741003310.014227,-2.856283,-2.257732,8.365341,0.03544,0.160943,0.17853,35.78882,falling
1741003310.073448,-3.457227,-2.674323,8.525752,0.010925,-0.052493,0.056224,35.78294,falling
1741003310.1316385,-2.841918,-2.832341,8.401254,0.056757,0.133231,0.16947,35.77412,falling
1741003310.1936007,-3.514688,-2.157176,8.147469,-0.01359,0.037305,0.313093,35.77412,falling
1741003310.2485693,-3.821146,-2.5187,8.394072,-0.023715,-0.026913,0.050095,35.76529,falling

1741003572.8204532,9.622296,-0.847547,2.92332,-0.166273,-0.140426,0.11298,35.68,falling
1741003572.878886,7.876924,-0.462081,2.13084,-0.336809,-0.371982,0.054092,35.68294,falling
1741003572.9508038,7.170634,-1.489193,1.714248,-0.170802,-0.636845,-0.19958,35.67412,falling
1741003573.008466,8.901642,-1.338359,0.411803,0.228092,-0.227825,-0.027179,35.68294,falling
1741003573.0676737,10.26155,-2.011129,2.382231,0.200913,-0.067415,0.046364,35.68,falling
1741003573.1269472,12.97657,-0.148441,2.094927,0.106585,0.115378,-0.035972,35.67412,falling
1741003573.1810715,12.84729,-0.54109,2.5187,-0.059688,0.316025,0.059688,35.68,falling
1741003573.234528,9.634268,-1.051055,1.024718,-0.266729,0.615262,-0.040769,35.70059,falling
1741003573.288064,8.451532,1.297657,0.181959,-0.563035,1.20068,-0.107917,35.70353,falling
1741003573.3481758,6.76362,0.648829,0.612916,-1.314726,1.588916,0.059155,35.69471,falling
1741003573.4046423,8.228871,2.001553,1.853112,-1.472738,1.651002,0.615795,35.69765,falling
1741003573.4680521,5.039794,-3.155558,3.098097,-1.515372,0.846018,0.001066,35.66824,falling
1741003573.5224636,0.679953,-0.732626,1.623269,-1.050662,-0.187856,0.369583,35.69471,falling
1741003573.579228,2.904167,-0.826,-0.158017,-1.344037,0.092462,0.622456,35.68,falling
1741003573.643082,6.849811,0.409408,0.773327,-1.66619,-0.454319,1.333645,35.68294,falling
1741003573.706084,3.031059,0.397437,-3.653552,-1.241182,-0.769544,1.099424,35.70353,falling
1741003573.7710316,7.280767,-8.42759,2.674323,0.27872,0.505213,2.905507,35.68,falling
1741003573.84299,8.240842,4.074931,-1.443704,-1.382407,0.466309,1.316325,35.68,falling
1741003573.90043,37.17477,-46.39484,18.53591,1.512974,2.297972,2.912435,35.68588,falling
1741003573.9610116,-11.71243,-18.77294,5.791574,0.873997,2.667023,3.902077,35.67118,falling
1741003574.0180542,-6.701371,10.33337,1.407791,-0.802851,2.881525,0.543051,35.66824,falling
1741003574.0783873,-2.726996,-6.806715,5.267244,1.163908,3.038738,1.330714,35.66529,falling
1741003574.1556325,-11.00615,-9.454702,6.517017,1.817541,-0.45725,2.142092,35.63,falling
1741003574.224032,-1.606509,-6.593631,8.391677,3.624156,-0.248077,0.350931,35.64765,falling
1741003574.2814538,-8.537724,-1.503559,7.702147,2.694202,-0.192652,0.508943,35.65353,falling
1741003574.355893,-4.36463,2.463634,6.842628,1.427706,0.416481,0.548913,35.66529,falling
1741003574.4251683,-4.613626,1.266533,9.361329,0.642175,0.125237,-0.115645,35.64765,falling
1741003574.4912586,-2.954445,1.70946,9.047688,0.132432,0.336276,0.384772,35.64765,falling
1741003574.5526476,-4.302381,-0.002394,8.497022,-0.029577,0.106585,0.005862,35.65941,falling
1741003574.6072154,-2.554613,0.246603,8.267179,-0.153482,-0.061286,0.236086,35.64471,falling
1741003574.6627765,-3.768473,-1.735796,9.294291,0.094594,-0.310162,0.098058,35.64765,falling
1741003574.7217987,-2.815581,-0.627281,9.481039,0.110049,-0.286714,-0.201712,35.65059,falling
1741003574.7814145,-3.141193,-0.675165,7.97748,-0.024781,0.102588,-0.168671,35.65059,falling
1741003574.853087,-4.481946,-0.78051,8.23366,-0.163608,0.075675,-0.049562,35.63588,falling
1741003574.912204,-4.254497,-1.295263,8.394072,-0.080738,-0.110315,-0.05196,35.65353,falling
1741003574.9704854,-3.653552,-0.88346,8.348581,0.00906,-0.096726,-0.002132,35.65353,falling
1741003575.024561,-3.524265,-0.363919,8.365341,0.073544,0.03464,0.031975,35.63882,falling
1741003575.0779223,-3.682282,-0.502782,8.688558,0.004263,0.012524,-0.0437,35.63882,falling
1741003575.1314807,-3.411737,-0.433351,8.635885,-0.03011,-0.027712,-0.075409,35.64765,falling
1741003575.1919122,-3.363853,-0.773327,8.607155,-0.017853,-0.010392,-0.018119,35.67118,falling
1741003575.2488797,-3.502717,-0.873884,8.492233,0.015721,0.01279,-0.011458,35.65647,falling
1741003575.3078485,-3.720589,-0.718261,8.537724,0.014389,0.014922,-0.005063,35.65941,falling
1741003575.3631146,-3.948039,-0.737414,8.554482,-0.017587,-0.019985,-0.004263,35.66235,falling
1741003575.4260473,-3.682282,-0.663194,8.42759,-0.018919,-0.050894,-0.030377,35.66824,falling
1741003575.4830132,-3.552995,-0.641646,8.564059,0.004796,-0.026113,-0.015988,35.65941,falling
1741003575.5379806,-3.665523,-0.603339,8.544906,0.016521,-0.012257,0.012524,35.64765,falling
1741003575.6112554,-3.591303,-0.600945,8.595184,0.003997,-0.022916,-0.022649,35.64765,falling
1741003575.6672096,-3.543418,-0.622492,8.511387,-0.010925,-0.021583,-0.019718,35.65941,falling
1741003575.7285585,-3.636792,-0.64404,8.523358,0,0.014123,-0.002132,35.66824,falling
1741003575.7895186,-3.737349,-0.64404,8.53054,-0.00373,0.002665,-0.006129,35.65059,falling

1741003713.2045898,8.75799,0.213084,2.621651,-0.138294,-0.480165,0.047697,35.25647,falling
1741003713.2794678,9.167398,-1.041478,2.650381,-0.12577,-0.649636,-0.336009,35.25647,falling
1741003713.3358994,7.235278,-1.161188,0.627281,0.119642,-0.501216,-0.341072,35.27118,falling
1741003713.3918686,10.59913,0.335188,1.039083,0.101522,-0.532658,-0.33441,35.28,falling
1741003713.4518342,14.31733,-0.749385,2.157176,-0.109783,-0.082337,0.112714,35.27706,falling
1741003713.5098846,6.878541,0.962469,-0.04549,-0.336009,-0.185458,-0.096459,35.27412,falling
1741003713.5668597,6.153099,-0.486023,0.826,-0.656564,-0.379709,0.029577,35.28,falling
1741003713.628183,7.321469,0.311246,-2.123657,-1.070113,-0.058089,-0.234753,35.27118,falling
1741003713.685149,13.09628,3.071761,-2.418144,-1.53509,0.576092,0.446591,35.26823,falling
1741003713.7401195,15.18403,-3.023877,1.419762,-1.508444,0.633648,0.702129,35.28,falling
1741003713.801554,13.66131,-1.872266,-0.746991,-0.659228,1.811945,1.407988,35.28294,falling
1741003713.8632436,6.670246,1.798046,1.446098,-0.767678,1.250775,1.046931,35.27118,falling
1741003713.9242098,-4.412514,-1.302446,-0.699107,-0.696799,0.344802,0.120175,35.26529,falling
1741003713.985174,7.817069,-3.593697,-0.390255,-0.936349,0.183326,1.706692,35.28,falling
1741003714.048139,10.96784,3.62961,-1.723825,-1.215602,0.14309,2.0014,35.27118,falling
1741003714.1091032,-2.645593,-2.99754,-3.129222,-0.227825,0.556107,1.416248,35.28294,falling
1741003714.177064,3.04303,-8.822633,3.847482,0.491357,0.823902,1.571862,35.27118,falling
1741003714.2520216,4.994305,-4.608838,-0.624887,0.023715,1.060254,-0.407954,35.27412,falling
1741003714.3130155,33.19561,-54.22149,19.81681,3.505847,3.784034,2.723513,35.26529,falling
1741003714.3755975,-11.90158,-13.544,7.776367,1.533758,3.928723,0.36079,35.26823,falling
1741003714.435542,-9.938332,12.07635,3.768473,1.837259,4.691872,1.62702,35.28,falling
1741003714.5204937,-11.9327,-5.975927,7.673417,3.474404,1.097026,0.54838,35.27118,falling
1741003714.5904534,-10.91756,1.714248,11.50414,2.07521,0.498818,0.104187,35.25059,falling
1741003714.684155,-4.537012,1.563414,4.809951,-0.313093,-0.583553,-0.191054,35.27118,falling
1741003714.7416158,1.340753,1.156399,5.451597,-0.2169,-0.059155,-0.970723,35.25941,falling
1741003714.7967026,-5.250484,0.143652,9.02614,0.233421,0.452986,-0.297106,35.28,falling
1741003714.8576498,-5.236119,1.510741,9.301474,0.538521,0.180129,0.226227,35.26529,falling
1741003714.9146194,-4.718972,0.869095,7.982268,0.070346,-0.404757,0.118842,35.25059,falling
1741003715.0043294,-1.855506,0.490811,9.006987,-0.20864,-0.018919,-0.232622,35.26235,falling
1741003715.0832098,-4.865018,-1.400608,8.219295,-0.075142,0.099124,0.02185,35.25941,falling
1741003715.1601677,-3.655946,-0.356736,8.231265,-0.092196,-0.106319,-0.034907,35.26823,falling
1741003715.2231321,-4.326323,-0.371101,8.259995,0.046631,-0.100456,0.032242,35.25647,falling
1741003715.2916086,-3.94325,0.272939,8.762778,-0.055158,-0.124971,0.021583,35.27118,falling
1741003715.3579948,-3.442862,0.457293,8.5473,-0.069014,-0.089265,-0.114312,35.2947,falling
1741003715.4170177,-3.375824,0.653617,8.508993,-0.017853,-0.031975,-0.080738,35.26823,falling
1741003715.48098,-3.926491,-0.129287,8.475474,0.074876,0.015988,0.045832,35.26529,falling
1741003715.5429437,-4.13718,0.179565,8.257602,0.071412,-0.016254,0.039703,35.27412,falling
1741003715.603751,-3.895366,0.07422,8.480263,0.000533,-0.043167,-0.011724,35.25941,falling
1741003715.6655369,-3.560178,0.026336,8.571242,-0.05196,-0.045299,-0.016254,35.27118,falling
1741003715.7275019,-3.569755,0.038307,8.508993,-0.036772,-0.006928,0.000266,35.27118,falling
1741003715.7934632,-3.641581,0.057461,8.51857,-0.033574,0.013323,0.062352,35.27118,falling
1741003715.84939,-3.871424,0.153229,8.449138,-0.015455,-0.010658,0.025047,35.28882,falling
1741003715.9136972,-3.6751,0.083797,8.449138,-0.017853,-0.04823,-0.004263,35.26529,falling
1741003715.9726636,-3.754108,0.088585,8.631097,0.004263,-0.038904,-0.016787,35.27118,falling
1741003716.0396256,-3.624821,0.02873,8.540117,0.001332,-0.038904,-0.006129,35.2947,falling
1741003716.1165814,-3.701436,0.052672,8.59279,-0.031975,-0.086867,-0.015455,35.28,falling
1741003716.1770139,-3.500323,0.102951,8.595184,0.018919,-0.056757,-0.041035,35.28294,falling

1741003814.9343905,6.880936,-0.782904,2.607286,-0.094328,-0.463378,-0.051427,35.38,falling
1741003815.028985,4.381389,-0.70629,-0.684742,0.027979,-0.539054,-0.157746,35.38588,falling
1741003815.1129518,15.29416,-1.877054,3.885789,-0.133764,-0.46098,0.118309,35.36235,falling
1741003815.178422,8.717288,2.070984,0.253785,-0.265663,0.444459,-0.064217,35.36235,falling
1741003815.2840981,12.72518,-1.288081,1.759738,-0.353862,0.600606,0.45272,35.37118,falling
1741003815.499495,12.67012,-1.61848,5.042189,-0.675482,1.329648,1.096493,35.36235,falling
1741003815.5546315,-2.545036,1.491588,-1.132457,-0.903041,0.738101,0.127902,35.38294,falling
1741003815.6143513,6.095637,-0.687136,0.962469,-0.789262,0.71332,0.873464,35.37706,falling
1741003815.6779778,2.116474,0.577003,-1.118092,-1.202545,0.146821,0.406888,35.37412,falling
1741003815.7409086,0.483629,-10.53449,4.970363,-0.583286,1.245179,1.985412,35.37706,falling
1741003815.8247023,7.661446,3.038242,5.547365,-0.712521,0.751691,1.358692,35.36235,falling
1741003815.8804915,31.02646,-40.95042,25.11278,3.792028,3.77604,1.075709,35.3653,falling
1741003815.9494686,-9.332599,10.09635,4.230555,0.810046,4.824303,-0.716518,35.35941,falling
1741003816.0147374,-9.849746,9.55047,14.68124,-1.664858,2.936683,1.907605,35.35059,falling
1741003816.0839422,-8.295909,-11.5616,14.29099,3.087234,1.262233,1.430637,35.33588,falling
1741003816.1419094,-15.16008,-3.169923,10.27112,2.910037,0.789262,1.127136,35.3653,falling
1741003816.1992657,-7.61835,5.291186,8.576031,0.89185,0.458848,1.507378,35.34471,falling
1741003816.2601626,-6.28478,3.816358,5.389348,0.074609,-0.061819,0.074077,35.37706,falling
1741003816.3167105,-0.691924,0.627281,6.947973,-0.00826,-0.156946,-0.420478,35.3653,falling
1741003816.3752308,-3.854665,1.678335,9.306262,0.479366,0.345868,-0.49189,35.37706,falling
1741003816.4352667,-5.906496,1.702277,9.203311,0.188922,0.124172,0.324551,35.36235,falling
1741003816.4942808,-3.306392,1.944092,7.630321,-0.138294,-0.370383,-0.051694,35.35353,falling
1741003816.5551605,-2.597709,-0.462081,7.891289,-0.331746,-0.050628,-0.341871,35.36824,falling
1741003816.6121843,-5.169082,-0.708684,9.064447,-0.100456,0.135896,0.068747,35.3653,falling
1741003816.6702242,-4.022259,-0.486023,7.979874,-0.040769,-0.088732,-0.186524,35.34471,falling
1741003816.7273743,-3.758897,-0.280122,8.161834,0.170536,-0.051161,-0.150018,35.36235,falling
1741003816.7862947,-4.180276,-0.016759,8.310274,0.17027,-0.001865,0.006129,35.34177,falling
1741003816.8485749,-4.750096,0.572214,8.264784,-0.052227,-0.053292,0.155081,35.35059,falling
1741003816.9027276,-4.491522,0.490811,8.054094,-0.141758,-0.072744,-0.003997,35.35059,falling
1741003816.962903,-4.089296,0.349553,8.212111,-0.102855,-0.086334,0.070613,35.35059,falling
1741003817.0179386,-4.125209,0.399832,8.367735,0.092196,-0.078606,0.026913,35.32706,falling
1741003817.078147,-3.830723,0.732626,8.35337,0.102322,-0.094594,-0.028245,35.35941,falling
1741003817.1377795,-3.924097,0.866701,8.434772,0.063152,-0.081271,-0.041302,35.34765,falling
1741003817.2025235,-4.003105,0.749385,8.408437,0.000799,-0.039969,-0.122306,35.35941,falling
1741003817.2591193,-4.019865,0.177171,8.224083,-0.063685,0.008527,-0.04743,35.3653,falling
1741003817.3250253,-4.096479,0.232238,8.240842,-0.021051,0.001332,0.003997,35.35059,falling
1741003817.3853714,-4.070143,0.438139,8.324639,0.0437,-0.025314,0.005063,35.35353,falling
1741003817.4453146,-4.098873,0.548272,8.300697,0.02638,-0.037305,-0.013856,35.35353,falling
1741003817.5022824,-3.895366,0.529119,8.346188,-0.011991,-0.044233,-0.036772,35.36824,falling
1741003817.5632691,-3.881001,0.500388,8.35337,-0.008793,0,-0.000799,35.36235,falling
1741003817.6469798,-4.070143,0.54109,8.276755,0.002132,-0.021051,-0.009326,35.35353,falling
1741003817.706473,-3.981557,0.493206,8.293514,0.014123,-0.027446,-0.025047,35.35353,falling
1741003817.7665265,-4.024653,0.464475,8.341399,0.00453,-0.049828,-0.003198,35.33883,falling
1741003817.8257926,-3.919308,0.332794,8.286332,0.01732,-0.055158,-0.02185,35.34765,falling
